{
  "OXXO Villas Otoch Paraíso": [
    21.1685,
    -86.885
  ],
  "Chedraui Lakin": [
    21.165,
    -86.879
  ],
  "Av. Kabah": [
    21.16,
    -86.845
  ],
  "Plaza Las Américas": [
    21.141,
    -86.843
  ],
  "Entrada Zona Hotelera": [
    21.153,
    -86.815
  ],
  "Zona Hotelera": [
    21.135,
    -86.768
  ],
  "La Rehoyada": [
    21.1619,
    -86.8515
  ],
  "El Crucero": [
    21.1576,
    -86.8269
  ],
  "Av. Tulum Norte": [
    21.165,
    -86.823
  ],
  "Playa del Niño": [
    21.195,
    -86.81
  ],
  "Muelle Ultramar": [
    21.207,
    -86.802
  ],
  "Terminal ADO Centro": [
    21.1586,
    -86.8259
  ],
  "Aeropuerto T2": [
    21.0417,
    -86.8761
  ],
  "Aeropuerto T3": [
    21.041,
    -86.8755
  ],
  "Aeropuerto T4": [
    21.04,
    -86.875
  ],
  "Playa del Carmen Centro": [
    20.6296,
    -87.0739
  ],
  "Villas Otoch Paraíso": [
    21.1685,
    -86.885
  ],
  "Villas Otoch": [
    21.1685,
    -86.885
  ],
  "Hospital General": [
    21.15,
    -86.84
  ],
  "Mercado 28": [
    21.162,
    -86.828
  ],
  "Plaza Outlet": [
    21.138718317501834,
    -86.85655443103946
  ],
  "Gran Plaza": [
    21.182501580377522,
    -86.87075455354119
  ],
  "Tecnológico": [
    21.142717452967588,
    -86.86973932290414
  ],
  "Mercado 23": [
    21.1456211962889,
    -86.86014867200211
  ],
  "Puerto Cancun": [
    21.171657874329153,
    -86.83896898441569
  ],
  "Zona Hotelera Km 12": [
    21.160127407988142,
    -86.86451020209557
  ]
}