{
  "OXXO Villas Otoch Paraíso": [
    21.1685,
    -86.885
  ],
  "Chedraui Lakin": [
    21.165,
    -86.879
  ],
  "Av. Kabah": [
    21.16,
    -86.845
  ],
  "Plaza Las Américas": [
    21.141,
    -86.843
  ],
  "Entrada Zona Hotelera": [
    21.153,
    -86.815
  ],
  "Zona Hotelera": [
    21.135,
    -86.768
  ],
  "La Rehoyada": [
    21.1619,
    -86.8515
  ],
  "El Crucero": [
    21.1576,
    -86.8269
  ],
  "Av. Tulum Norte": [
    21.165,
    -86.823
  ],
  "Playa del Niño": [
    21.195,
    -86.81
  ],
  "Muelle Ultramar": [
    21.207,
    -86.802
  ],
  "Terminal ADO Centro": [
    21.1586,
    -86.8259
  ],
  "Aeropuerto T2": [
    21.0417,
    -86.8761
  ],
  "Aeropuerto T3": [
    21.041,
    -86.8755
  ],
  "Aeropuerto T4": [
    21.04,
    -86.875
  ],
  "Playa del Carmen Centro": [
    20.6296,
    -87.0739
  ],
  "Villas Otoch Paraíso": [
    21.1685,
    -86.885
  ],
  "Villas Otoch": [
    21.1685,
    -86.885
  ],
  "Hospital General": [
    21.15,
    -86.84
  ],
  "Mercado 28": [
    21.162,
    -86.828
  ],
  "RUTA 31": [
    21.1496485708113,
    -86.84655765634064
  ],
  "RUTA 81": [
    21.14612641027213,
    -86.84349777679574
  ],
  "RUTA 30": [
    21.158594551566985,
    -86.84777667925472
  ],
  "RUTA 44": [
    21.145120759915933,
    -86.82871149582094
  ],
  "RUTA 71": [
    21.146872582973586,
    -86.8577886013276
  ],
  "RUTA 33": [
    21.17478533557144,
    -86.86462840049732
  ],
  "RUTA 29": [
    21.16934014510085,
    -86.85952431657459
  ],
  "RUTA 79": [
    21.135311612371844,
    -86.84663156346404
  ],
  "RUTA 19": [
    21.183828127483213,
    -86.86187595631792
  ],
  "RUTA 18-A": [
    21.138437004440036,
    -86.84463793165368
  ],
  "RUTA 28": [
    21.183934849733586,
    -86.84767754724926
  ],
  "RUTA 44 COMBI": [
    21.14954274195955,
    -86.83714302181589
  ],
  "RUTA 235-227": [
    21.173095142149066,
    -86.87195213406184
  ],
  "RUTA 234": [
    21.17462738528962,
    -86.82782330985742
  ],
  "RUTA 510": [
    21.180378087908732,
    -86.82898939879836
  ],
  "RUTA 17": [
    21.17353686318125,
    -86.84925929500979
  ],
  "RUTA 13": [
    21.16985392902424,
    -86.84167646404487
  ],
  "RUTA 70": [
    21.171001852916728,
    -86.82531084463398
  ],
  "RUTA 5": [
    21.144283062297216,
    -86.83706926657221
  ],
  "RUTA 21": [
    21.14372406813081,
    -86.85195194723495
  ],
  "RUTA 2 TORITO": [
    21.151516930196166,
    -86.86760259849693
  ],
  "RUTA 2 VILLAS DEL MAR": [
    21.171907421372012,
    -86.83439664638614
  ],
  "RUTA 2 LA JOYA": [
    21.16052224364411,
    -86.8324262703604
  ],
  "RUTA 2 CHACMOOL-PORTILLO": [
    21.135336196155535,
    -86.83897018208553
  ],
  "RUTA 2-15": [
    21.175236833499767,
    -86.83382427309007
  ],
  "RUTA 1 REHOYADA": [
    21.13686537553946,
    -86.86108613842221
  ],
  "Ruta 1": [
    21.174581450915447,
    -86.84579902831254
  ],
  "Ruta 2": [
    21.13646230068849,
    -86.85478426242484
  ],
  "Ruta 5": [
    21.184148670475697,
    -86.83897673999115
  ],
  "Ruta 6": [
    21.161095353213884,
    -86.85697459947245
  ],
  "Ruta 11": [
    21.159894622867988,
    -86.85500434475551
  ],
  "Ruta 15": [
    21.153637944908596,
    -86.86287502033865
  ],
  "Ruta 21": [
    21.13944491262492,
    -86.87253961328877
  ],
  "Ruta 27": [
    21.161066300999035,
    -86.8279128523315
  ],
  "Ruta 28": [
    21.17547667820397,
    -86.84957596221935
  ],
  "Ruta 44": [
    21.172422644778862,
    -86.84033206373435
  ],
  "Ruta 68": [
    21.17764213342017,
    -86.87282587662216
  ],
  "Ruta 237": [
    21.14361980312766,
    -86.83376581100474
  ]
}